"company","dup_desc_cnt","dup_desc_last_date"
lumenalta (formerly clevertech),5467,2024-09-09
allstaff staffing & recruiting,5450,2024-09-09
jobot,2891,2024-09-09
"contact government services, llc",1720,2024-09-12
pwc,1614,2024-09-07
immobilien gabriele metzler,1399,2024-07-28
launch potato,1307,2024-09-06
canonical,1212,2024-09-28
scoutmine,1118,2024-08-11
oowlish technology,1112,2024-09-18
varsity tutors,940,2024-09-18
hiremefast llc,857,2024-09-28
remoteworker us,720,2024-09-24
equipmentshare,603,2024-09-27
talentify.io,574,2024-09-29
jerry,494,2024-09-27
recruiter.com,491,2024-08-13
patterned learning career,472,2024-09-27
phoenix recruitment ,459,2024-09-27
consolidated analytics,448,2024-09-28
circle,443,2024-09-20
octopus energy group,407,2024-09-26
team remotely inc,391,2024-08-14
"varsity tutors, a nerdy company",385,2024-08-07
jobs via efinancialcareers,369,2024-09-28
accenture,362,2024-09-19
dice,344,2024-09-12
csc generation,308,2024-09-18
synergisticit,308,2024-09-28
remoteworker ca,296,2024-09-09
accenture federal services,277,2024-09-26
olsson,267,2024-09-18
opinion focus panel llc,260,2024-08-15
tsmg,254,2024-06-26
outlier,253,2024-09-28
affirm,248,2024-08-29
opinion focus panel,219,2024-09-19
bluecross blueshield of tennessee,211,2024-09-04
nvent,207,2024-07-26
mongodb,205,2024-09-27
remote,205,2024-09-27
mygwork - lgbtq+ business community,203,2024-09-20
veeva systems,191,2024-09-18
kindertagesstätte flohkiste,189,2024-08-18
nielsen,182,2024-09-16
xometry,177,2024-09-27
precision for medicine,167,2024-09-27
latitude inc,165,2024-09-09
travis hyde properties,163,2024-08-26
angi,163,2024-09-27
get it recruit - information technology,162,2024-09-04
deloitte,157,2024-09-17
"wachter, inc.",147,2024-09-26
networkyourstock.com,141,2024-07-08
wahve llc,140,2024-09-26
get.it recruit - administrative,134,2024-09-04
grafisch productiebureau hermes,129,2024-07-09
thekey,128,2024-08-18
xero,127,2024-09-24
hopper,124,2024-09-27
precision medicine group,124,2024-09-27
oracle,120,2024-09-17
samsara,117,2024-09-20
crowdstrike,115,2024-09-17
fullstack labs,114,2024-07-17
"naphcare, inc.",106,2024-08-06
anduril industries,106,2024-09-26
captivation software,102,2024-09-17
alimentiv,101,2024-09-24
brex,97,2024-09-26
"ryder system, inc.",96,2024-09-09
gopuff,93,2024-09-18
"vanguard intellectual partners, llc",93,2024-09-25
providence health & services,92,2024-09-27
reddit,91,2024-09-26
storable ,91,2024-09-27
skillerszone,90,2024-09-28
softrams,89,2024-09-03
highwire public relations,89,2024-09-21
swooped,88,2024-09-11
forward,88,2024-09-20
executive staff recruiters / esr healthcare,86,2024-08-07
cardinal health,86,2024-09-17
rithum,86,2024-09-18
argo group,85,2024-09-06
sumo logic,84,2024-09-25
databricks,83,2024-09-27
clipboard health,82,2024-08-21
splunk,78,2024-09-16
actalent,77,2024-09-04
modern animal,77,2024-09-18
clearway energy,77,2024-09-27
celonis,75,2024-09-26
smithrx,75,2024-09-27
hanno düttmann holz- und trockenbau,72,2024-08-05
welocalize,72,2024-09-18
zscaler,72,2024-09-20
g2i inc.,71,2024-09-05
axon,71,2024-09-13
nice,71,2024-09-18
hackajob,70,2024-09-17
"3pillar",70,2024-09-25
feverup,70,2024-09-26
new western,68,2024-05-22
veeam software,68,2024-09-27
dataiku misc postings,65,2024-09-12
cogent analytics,64,2024-09-26
compass,63,2024-09-25
dataannotation,62,2024-08-05
super.com,61,2024-09-17
faaz surgical,60,2024-07-23
digital janet,60,2024-09-27
hims & hers,58,2024-09-09
bmo u.s.,58,2024-09-10
meta,58,2024-09-26
"elements of land design, llc",57,2024-07-23
snowflake,57,2024-09-26
edb,56,2024-09-10
computer world services,56,2024-09-17
omnipresent,55,2024-09-25
eos ,55,2024-09-27
na oiwi kane,54,2024-09-10
arcadis,53,2024-08-30
applied materials,52,2024-07-02
herr alexander wunsch,52,2024-07-08
stryker,52,2024-08-28
first citizens bank,52,2024-09-19
infuse,51,2024-08-14
montrose environmental group,51,2024-09-03
dell technologies,50,2024-07-29
zoox,50,2024-08-15
altera digital health inc. united states,50,2024-09-06
strength-motion; inc,49,2024-08-31
becu,49,2024-09-05
allstate,49,2024-09-17
blackbaud,48,2024-08-13
mebe,48,2024-09-26
clari,47,2024-09-12
jtek software solutions,47,2024-09-24
optum,47,2024-09-25
epic games,47,2024-09-26
clickjobs.io,47,2024-09-28
dexian inc,46,2024-07-08
team remotely,46,2024-08-21
abridge,46,2024-09-01
glassdoor,46,2024-09-17
provectus,46,2024-09-18
energy jobline,46,2024-09-27
stripe,45,2024-09-13
coders data,45,2024-09-26
d.a. davidson companies,44,2024-09-17
sanford health,44,2024-09-22
homebase,44,2024-09-26
validate health,44,2024-09-27
marlee (fingerprint for success),43,2024-09-03
twitch,43,2024-09-27
intuit,43,2024-09-27
snaptryai,42,2024-08-28
kunai,42,2024-09-25
niantic,42,2024-09-26
piper companies,42,2024-09-27
healthfirst,41,2024-08-15
navan,41,2024-09-24
zoll data systems,40,2024-07-12
pricesenz,40,2024-09-23
capital one,40,2024-09-27
qualtrics,40,2024-09-27
agileengine,39,2024-08-30
deel,39,2024-09-27
stacklogy,39,2024-09-28
voya investment management,38,2024-09-14
intermex wire transfer,38,2024-09-25
banner bank,38,2024-09-27
price waterhouse coopers,38,2024-09-27
kommlink gmbh,37,2024-08-13
centene corporation,37,2024-08-29
teksystems,37,2024-08-31
thermo fisher scientific,37,2024-09-27
ritepros,37,2024-09-28
doit,36,2024-09-10
stackadapt,36,2024-09-20
elastic,35,2024-07-10
squarespace,35,2024-09-20
foursquare ,35,2024-09-26
toast,35,2024-09-27
arch capital services llc,34,2024-05-14
kindergarten karnaper regenbogen,34,2024-07-09
wellspring healthcare,34,2024-09-09
figure,34,2024-09-25
lessen,34,2024-09-27
goodleap,34,2024-09-27
new relic,33,2024-09-04
"sunnova energy international, inc.",33,2024-09-19
leidos,33,2024-09-24
amplitude ,33,2024-09-26
urim glass,32,2024-07-11
ss&c technologies,32,2024-07-26
nvidia,32,2024-09-17
pinterest,32,2024-09-18
fluence,32,2024-09-20
ntt data,32,2024-09-20
intecrowd,32,2024-09-23
merkle,32,2024-09-24
netskope,32,2024-09-26
eci software solutions,31,2024-08-07
get it recruit - professional services,31,2024-08-08
 rainbow restoration,31,2024-09-01
mattermost,31,2024-09-09
anavation,31,2024-09-12
norc at the university of chicago,31,2024-09-18
contentsquare,31,2024-09-24
jobs via dice,31,2024-09-28
kpmg,30,2024-09-01
gusto,30,2024-09-05
oportun,30,2024-09-12
blackbird health,30,2024-09-17
humana,30,2024-09-18
science 37,30,2024-09-25
corelogic,29,2024-09-10
prudential financial,29,2024-09-17
kpler,29,2024-09-20
armis security,29,2024-09-27
fti consulting,28,2024-08-23
general motors,28,2024-09-17
misfits market,28,2024-09-19
acceleration partners,28,2024-09-24
opengov,28,2024-09-25
robert half,28,2024-09-27
mathematica,27,2024-09-12
ahead,27,2024-09-25
ghj,27,2024-09-27
marathon ts,26,2024-09-01
sensor tower,26,2024-09-06
ion group,26,2024-09-09
a place for mom,26,2024-09-16
underdog.io,26,2024-09-16
rxante,26,2024-09-23
everstream analytics,26,2024-09-23
plaid,26,2024-09-24
verkada,26,2024-09-24
"farmer's business network, inc.",26,2024-09-25
"2k",26,2024-09-26
arrive logistics,25,2024-08-13
energyhub,25,2024-09-01
east 57th street partners,25,2024-09-04
general dynamics information technology,25,2024-09-14
swyfft,25,2024-09-17
offerup,25,2024-09-19
children's hospital los angeles (chla),25,2024-09-22
lime,25,2024-09-27
"s4, llc",25,2024-09-28
spoton: product,24,2024-09-17
booz allen hamilton,24,2024-09-18
rockerbox,24,2024-09-25
altium,23,2024-08-30
gradbay,23,2024-09-11
integral ad science,23,2024-09-11
"wiz, inc.",23,2024-09-16
snorkel ai,23,2024-09-21
orchard,23,2024-09-26
upwork,22,2024-09-03
amcor,22,2024-09-06
keybank,22,2024-09-11
von consulting,22,2024-09-17
turner & townsend,22,2024-09-20
algolia,22,2024-09-27
ansys,22,2024-09-28
ip recruiter group,21,2024-08-07
aircall,21,2024-08-20
contentful,21,2024-08-26
gs1 consulting,21,2024-09-17
intercom,21,2024-09-19
sysdig,21,2024-09-19
stockx,21,2024-09-19
xsolla,21,2024-09-26
opentable,21,2024-09-26
shift4,21,2024-09-27
collibra,20,2024-07-06
federal express corporation,20,2024-07-08
pgim,20,2024-08-13
husch blackwell,20,2024-08-14
the cigna group,20,2024-09-04
inflow federal,20,2024-09-09
jerseystem,20,2024-09-15
angela spiegel,20,2024-09-21
bounteous,20,2024-09-22
molina healthcare,20,2024-09-22
uber,20,2024-09-27
sophos,20,2024-09-27
highwire,19,2024-07-15
dat freight & analytics,19,2024-08-12
sharecare,19,2024-08-13
campbell's,19,2024-08-16
hudl,19,2024-08-20
"coupa software, inc.",19,2024-08-27
rackspace,19,2024-08-30
compass travel co,19,2024-09-04
ziprecruiter,19,2024-09-04
"c-4 analytics, llc",19,2024-09-09
cambia health solutions,19,2024-09-10
galileo financial technologies,19,2024-09-18
woodruff sawyer,19,2024-09-20
nbcuniversal,19,2024-09-24
duetto research,19,2024-09-27
cryptorecruit ,19,2024-09-28
bizcoder ai,19,2024-09-28
patterson dental,18,2024-08-04
chainalysis,18,2024-08-05
abb,18,2024-08-11
raft company website,18,2024-08-12
cruise,18,2024-08-16
cherre,18,2024-08-20
berkshire hathaway homestate companies,18,2024-08-23
finding candidate,18,2024-08-24
talkdesk,18,2024-08-27
aurora adventures agency,18,2024-09-05
webstaurantstore,18,2024-09-09
"jpc partners, llc",18,2024-09-16
"levi, ray & shoup, inc. (lrs)",18,2024-09-16
motive,18,2024-09-18
coinbase careers page,18,2024-09-18
captions,18,2024-09-22
amazon.com services llc,18,2024-09-23
augment jobs,18,2024-09-24
picsart,18,2024-09-26
goat group,18,2024-09-27
mapbox,18,2024-09-27
caris life sciences,17,2024-07-20
warner music inc.,17,2024-08-14
mitek,17,2024-08-22
veradigm®,17,2024-09-03
beyondtrust,17,2024-09-16
dataiku,17,2024-09-18
usaa,17,2024-09-22
apixio,17,2024-09-24
teamhealth,17,2024-09-26
fivetran ,17,2024-09-26
zeta,16,2024-08-07
cash app,16,2024-08-23
marqeta,16,2024-08-27
playstation global,16,2024-08-28
polar analytics,16,2024-09-04
datakind,16,2024-09-04
ascend analytics,16,2024-09-05
ethos beathchapman,16,2024-09-06
influential,16,2024-09-11
blend,16,2024-09-11
livinghr,16,2024-09-12
varo bank,16,2024-09-17
minitab ,16,2024-09-23
faire,16,2024-09-23
mediaocean,16,2024-09-24
jobsinlogistics.com,16,2024-09-25
zūm services,16,2024-09-25
spotify,16,2024-09-25
rocket lab usa,16,2024-09-25
civis analytics,16,2024-09-26
quench,16,2024-09-27
ralf u. nicole thumm,15,2024-07-06
alliance animal health,15,2024-08-03
entegra,15,2024-08-03
ataccama,15,2024-08-09
quora,15,2024-08-12
paypal,15,2024-08-14
shutterfly,15,2024-08-16
harnham,15,2024-08-26
vgw,15,2024-08-28
zenoti,15,2024-09-04
ghx,15,2024-09-04
davita kidney care,15,2024-09-11
henry hire solutions,15,2024-09-15
m&t bank,15,2024-09-16
enova international,15,2024-09-23
apex systems,15,2024-09-23
platinum technologies,15,2024-09-24
"tailored access, llc",15,2024-09-28
rivian,14,2024-07-02
marcus thomas llc,14,2024-07-18
workday,14,2024-07-31
lifetouch,14,2024-08-05
nacro ,14,2024-08-06
spry methods,14,2024-08-07
epiroc,14,2024-08-08
firsthand,14,2024-08-13
vxforward,14,2024-08-30
greymatter innovationz,14,2024-09-02
find next hire,14,2024-09-02
icf,14,2024-09-04
lastpass,14,2024-09-06
the standard,14,2024-09-07
datavant,14,2024-09-09
fis,14,2024-09-11
sanofi,14,2024-09-13
blue water thinking,14,2024-09-16
sun life,14,2024-09-16
material bank®,14,2024-09-17
glean,14,2024-09-17
inclusively,14,2024-09-17
givedirectly,14,2024-09-17
geisinger,14,2024-09-17
benchling,14,2024-09-24
saviynt,14,2024-09-25
"starshr, inc.",14,2024-09-25
abbvie,14,2024-09-26
cohesity,14,2024-09-26
braintrust,14,2024-09-26
sumitomo mitsui banking corporation,14,2024-09-27
commonwealth fusion systems,14,2024-09-27
"scorpion enterprises, llc",14,2024-09-27
apollo.io,14,2024-09-27
sofi,14,2024-09-27
tenable,13,2024-06-17
newyork-presbyterian hospital,13,2024-08-09
proofpoint,13,2024-08-22
cepheid,13,2024-08-26
western digital podium panache,13,2024-08-31
data axle,13,2024-09-01
mcafee,13,2024-09-09
krishansh,13,2024-09-09
keit industrial analytics,13,2024-09-11
tsmg holding,13,2024-09-16
zortech solutions,13,2024-09-16
singlestore,13,2024-09-17
kett engineering corporation,13,2024-09-17
brightwheel,13,2024-09-17
millenniumsoft inc,13,2024-09-18
demandbase,13,2024-09-18
oxio,13,2024-09-19
nonprofit finance fund,13,2024-09-19
earnin,13,2024-09-23
ensono,13,2024-09-26
beckman coulter diagnostics,12,2024-05-27
eightfold,12,2024-08-07
anchorage digital,12,2024-08-09
onbe,12,2024-08-16
quince restaurant,12,2024-08-20
enveritas,12,2024-08-20
ramp,12,2024-08-22
iqvia,12,2024-08-24
transperfect,12,2024-08-27
pattern data,12,2024-08-27
tombras,12,2024-08-27
lightship,12,2024-08-29
ge aerospace,12,2024-09-01
percona,12,2024-09-02
get it recruit - marketing,12,2024-09-03
close,12,2024-09-04
trm labs,12,2024-09-06
certifid,12,2024-09-06
picknpay zone,12,2024-09-08
clinchoice,12,2024-09-09
mayo clinic,12,2024-09-10
clickhouse,12,2024-09-12
fortra,12,2024-09-13
google,12,2024-09-17
gong.io,12,2024-09-18
flex,12,2024-09-20
instabase,12,2024-09-23
agoda,12,2024-09-23
aptive resources,12,2024-09-25
g-p,12,2024-09-26
synchrony,12,2024-09-26
twilio,12,2024-09-27
eaton,11,2024-07-03
"reddit, inc.",11,2024-07-23
revsup,11,2024-07-29
the job network,11,2024-08-08
a hiring company,11,2024-08-23
redpanda data,11,2024-08-24
engtal,11,2024-08-26
progressive leasing,11,2024-08-27
weedmaps,11,2024-08-27
armis,11,2024-09-02
metric geo,11,2024-09-04
mozilla,11,2024-09-05
zuora,11,2024-09-09
e source,11,2024-09-09
ntt data business solutions,11,2024-09-11
nisource,11,2024-09-12
"nextdeavor, inc.",11,2024-09-12
navex,11,2024-09-13
johnson & johnson,11,2024-09-14
concorde education,11,2024-09-17
genmab,11,2024-09-20
gainor staffing,11,2024-09-23
epic brokers,11,2024-09-24
bigcommerce,11,2024-09-25
chowbus,11,2024-09-25
productboard,11,2024-09-26
discover financial services,11,2024-09-26
better homes and gardens real estate,10,2024-07-03
it labs,10,2024-07-09
sodexo,10,2024-07-12
invisible,10,2024-07-12
u.s. department of the treasury,10,2024-07-15
alliant insurance services,10,2024-07-16
wp engine,10,2024-08-04
whitecrow research,10,2024-08-06
"commercial seating products, inc.",10,2024-08-07
fico,10,2024-08-07
digitalocean,10,2024-08-13
wavicle data solutions,10,2024-08-19
salesforce,10,2024-08-20
quince,10,2024-08-21
rockwell automation,10,2024-08-28
diversified,10,2024-08-28
veriipro,10,2024-08-30
onetrust,10,2024-09-03
flexton inc.,10,2024-09-04
sentry,10,2024-09-05
skydance,10,2024-09-05
"zillion technologies, inc.",10,2024-09-05
gebbs healthcare solutions,10,2024-09-05
peoplevisor llc,10,2024-09-09
huckleberry labs,10,2024-09-09
"quad, a solomonedwards company",10,2024-09-11
pythian,10,2024-09-12
cloudflare,10,2024-09-13
relativity space,10,2024-09-13
sailpoint,10,2024-09-13
cloudmr,10,2024-09-15
kaynes,10,2024-09-15
pacific life,10,2024-09-16
autodesk,10,2024-09-17
doran jones inc.,10,2024-09-18
smartsheet,10,2024-09-18
nextroll,10,2024-09-18
csa – careers,10,2024-09-23
hca healthcare,10,2024-09-23
natera,10,2024-09-23
dwellfi ,10,2024-09-24
dumpa consulting llc,10,2024-09-24
upgrade,10,2024-09-26
providence,10,2024-09-26
cast & crew,10,2024-09-27
bytecode io,9,2024-07-18
sitel group,9,2024-07-24
cisco,9,2024-07-25
national general,9,2024-07-31
austin international,9,2024-08-05
patientpoint,9,2024-08-07
blupeak credit union,9,2024-08-15
vaco,9,2024-08-16
college possible,9,2024-08-16
allied onesource,9,2024-08-18
freewheel,9,2024-08-19
parallel domain,9,2024-08-21
imagen technologies,9,2024-09-02
at-bay,9,2024-09-05
ais (applied information sciences),9,2024-09-06
get it recruit - transportation,9,2024-09-09
ryder system,9,2024-09-10
builders firstsource,9,2024-09-11
"truecar, inc.",9,2024-09-11
"cim group, lp",9,2024-09-12
sanmina,9,2024-09-13
akumin®,9,2024-09-13
commonwealth care alliance,9,2024-09-14
stratascorp technologies,9,2024-09-16
ōura,9,2024-09-16
penumbra,9,2024-09-18
tree top staffing llc,9,2024-09-20
first american,9,2024-09-23
sud recruiting,9,2024-09-27
arcadia,9,2024-09-27
central garden & pet,8,2024-06-25
codup,8,2024-08-06
epsilon,8,2024-08-13
"21st century home health services inc.",8,2024-08-15
airbnb,8,2024-08-18
"the caring connection, inc.",8,2024-08-19
moveworks,8,2024-08-22
attentive,8,2024-08-23
q-centrix,8,2024-08-24
atomic machines,8,2024-08-24
doola,8,2024-08-24
hp,8,2024-08-25
agero,8,2024-08-27
lambda,8,2024-08-28
motion recruitment,8,2024-08-28
talent groups,8,2024-08-29
work from home adviser,8,2024-09-02
caylent,8,2024-09-03
jupiter power,8,2024-09-04
"university of california, riverside",8,2024-09-04
huntington national bank,8,2024-09-04
kbi biopharma,8,2024-09-05
csi,8,2024-09-05
ge vernova,8,2024-09-05
lvi associates,8,2024-09-06
techsur solutions,8,2024-09-06
sentara health,8,2024-09-06
cognizant technology solutions,8,2024-09-08
entrust,8,2024-09-09
discord,8,2024-09-09
manychat,8,2024-09-10
point32health,8,2024-09-11
gitlab,8,2024-09-11
san diego state university,8,2024-09-11
vanderbilt university medical center,8,2024-09-13
pnc,8,2024-09-13
ssi people,8,2024-09-16
ripplematch opportunities,8,2024-09-16
zip co limited,8,2024-09-17
kapital,8,2024-09-17
samba tv,8,2024-09-18
oddball,8,2024-09-19
lone wolf technologies,8,2024-09-20
rancho biosciences,8,2024-09-22
seatgeek,8,2024-09-23
the new york times,8,2024-09-23
abbyy,8,2024-09-23
shockwave medical,8,2024-09-23
wells fargo,8,2024-09-23
u.s. bank national association,8,2024-09-24
equip health,8,2024-09-24
loft orbital solutions,8,2024-09-25
centerfield,8,2024-09-25
why hiring,8,2024-09-25
harvey,8,2024-09-25
wtw,8,2024-09-26
pagos,8,2024-09-26
chainalysis-careers,8,2024-09-26
"coalition, inc.",8,2024-09-26
columbia threadneedle investments,8,2024-09-27
rteams,8,2024-09-27
fetcherr,7,2024-07-02
bluebix solutions,7,2024-07-15
blue yonder,7,2024-07-16
shutterstock,7,2024-07-17
"apex companies, llc",7,2024-07-21
own company,7,2024-07-23
united window & door,7,2024-07-25
the krazy coupon lady,7,2024-07-29
liberty mutual insurance,7,2024-08-01
pfizer,7,2024-08-06
"logic20/20, inc.",7,2024-08-08
kbra,7,2024-08-11
availity,7,2024-08-11
conduent,7,2024-08-20
alphasense,7,2024-08-26
tripadvisor,7,2024-08-27
verily,7,2024-08-28
"aledade, inc.",7,2024-08-29
globant,7,2024-08-30
antelope,7,2024-08-30
cencora,7,2024-09-01
moyyn,7,2024-09-03
quartz bio,7,2024-09-06
grifols,7,2024-09-07
maintainx,7,2024-09-10
marrina decisions ,7,2024-09-10
appen,7,2024-09-11
known,7,2024-09-11
learn2code.live,7,2024-09-13
systems planning & analysis,7,2024-09-14
nextdoor,7,2024-09-16
loginsoft,7,2024-09-17
edwards lifesciences,7,2024-09-17
bottomline,7,2024-09-18
nabis,7,2024-09-19
quantum world technologies inc.,7,2024-09-22
shopmonkey,7,2024-09-23
reebelo,7,2024-09-23
storm2,7,2024-09-24
cleveland clinic,7,2024-09-25
tetrascience,7,2024-09-26
movable ink,7,2024-09-26
blueprint,7,2024-09-28
connor group,6,2022-05-25
beta technologies,6,2023-02-22
ippon technologies,6,2023-04-05
foodsmart,6,2024-03-22
daugherty business solutions,6,2024-06-25
doximity,6,2024-07-08
cloudera,6,2024-07-13
red hat,6,2024-07-15
recorded future,6,2024-07-16
hexagon asset lifecycle intelligence,6,2024-07-18
jacobs,6,2024-07-19
#twiceasnice recruiting,6,2024-07-24
inkitt,6,2024-07-25
clarivate,6,2024-07-26
onedigital,6,2024-07-26
dow jones,6,2024-07-27
ascyndent,6,2024-08-03
tiger analytics,6,2024-08-06
korevariance,6,2024-08-06
united states olympic & paralympic committee,6,2024-08-07
omada health,6,2024-08-07
remotivate,6,2024-08-08
navitspartners,6,2024-08-09
orionig,6,2024-08-09
samsung semiconductor,6,2024-08-09
schneider electric,6,2024-08-10
auditboard,6,2024-08-13
"berkeley research group, llc",6,2024-08-14
synergy interactive,6,2024-08-14
standvast fulfillment,6,2024-08-15
get it recruit - finance,6,2024-08-15
alt,6,2024-08-15
pagerduty,6,2024-08-19
geosyntec consultants,6,2024-08-20
acled (armed conflict location & event data),6,2024-08-21
arrow electronics,6,2024-08-21
id.me,6,2024-08-23
redballoon,6,2024-08-25
cna insurance,6,2024-08-26
neo4j,6,2024-08-26
falcon smart it (falconsmartit),6,2024-08-27
nimblerx,6,2024-08-28
spaulding ridge,6,2024-08-29
international sos government medical services,6,2024-08-29
"heartflow, inc",6,2024-08-30
enable,6,2024-08-30
khan lab school,6,2024-09-03
learnbeyond consulting,6,2024-09-04
pingwind,6,2024-09-05
work at home vintage experts,6,2024-09-06
provation,6,2024-09-06
compass group usa,6,2024-09-06
allvue systems,6,2024-09-06
citizant,6,2024-09-06
exact sciences,6,2024-09-09
"collaborative solutions, llc",6,2024-09-09
lifeline ambulance ca,6,2024-09-09
paycor,6,2024-09-09
us acute care solutions,6,2024-09-09
"unreal staffing, inc",6,2024-09-10
unitedhealthcare,6,2024-09-10
moore,6,2024-09-11
ticketmaster,6,2024-09-11
get it recruit - healthcare,6,2024-09-11
mantech,6,2024-09-12
druva,6,2024-09-13
adi global distribution,6,2024-09-13
community health group,6,2024-09-13
mercer,6,2024-09-14
silicon valley bank,6,2024-09-14
axonius,6,2024-09-15
e business international inc.,6,2024-09-16
impact.com,6,2024-09-16
flexport,6,2024-09-16
e-business international,6,2024-09-16
td thornton,6,2024-09-16
wonolo,6,2024-09-17
bob's discount furniture,6,2024-09-17
barbaricum,6,2024-09-18
compliance group inc,6,2024-09-18
amazon.com services llc - a57,6,2024-09-19
belong,6,2024-09-19
dun & bradstreet,6,2024-09-19
zions bancorporation,6,2024-09-20
capital analytics,6,2024-09-20
ust,6,2024-09-21
software development ai,6,2024-09-21
jpmorganchase,6,2024-09-22
sonatus,6,2024-09-23
granicus,6,2024-09-23
chainguard,6,2024-09-23
clickup,6,2024-09-23
workcog inc,6,2024-09-24
spearsoft ,6,2024-09-24
velocity tech inc,6,2024-09-24
cdc foundation,6,2024-09-24
replicant,6,2024-09-24
carta,6,2024-09-24
rtb house,6,2024-09-25
abarca health,6,2024-09-25
mufg capital analytics,6,2024-09-25
psrtek,6,2024-09-25
sendbird,6,2024-09-25
scale ai,6,2024-09-25
ameriprise financial,6,2024-09-26
protective,6,2024-09-26
instacart,6,2024-09-26
remoteworker uk,6,2024-09-27
esri,6,2024-09-27
simtra biopharma solutions,6,2024-09-27
tech one it,6,2024-09-27
guidewire software,6,2024-09-27
amentum,6,2024-09-28
marsh mclennan agency,6,2024-09-28
nava software solutions,5,2024-07-03
brain fog,5,2024-07-05
blueflag llp,5,2024-07-05
textnow,5,2024-07-05
media.monks paris,5,2024-07-11
media.monks,5,2024-07-11
zar it solutions,5,2024-07-16
cambium assessment,5,2024-07-16
proassurance,5,2024-07-22
ringcentral,5,2024-07-24
amazon,5,2024-07-30
foursquare,5,2024-07-30
maximus,5,2024-08-01
caremessage,5,2024-08-01
tubi,5,2024-08-01
jellyfish,5,2024-08-04
boston consulting group,5,2024-08-07
techwave,5,2024-08-13
risk strategies company,5,2024-08-13
arkose labs,5,2024-08-14
nogigiddy,5,2024-08-14
prime,5,2024-08-15
"global channel management, inc. ",5,2024-08-15
teamware solutions (quantum leap consulting).,5,2024-08-16
shine,5,2024-08-17
ntt data north america,5,2024-08-20
insulet corporation,5,2024-08-21
hamodia,5,2024-08-21
mercy,5,2024-08-21
sentinelone,5,2024-08-22
the kaarigar shop,5,2024-08-22
fathom,5,2024-08-23
premier media,5,2024-08-27
acceler8 talent,5,2024-08-28
crowe llp,5,2024-08-29
disco,5,2024-08-29
next pathway,5,2024-08-29
hashicorp,5,2024-08-30
usa remote job data entry,5,2024-08-30
phdata,5,2024-08-30
paynearme,5,2024-09-03
shield ai,5,2024-09-04
delta defense llc,5,2024-09-05
valentine recruiting,5,2024-09-07
multiplan,5,2024-09-10
kwa analytics,5,2024-09-11
lantana consulting group,5,2024-09-11
mollica it,5,2024-09-11
asrc federal,5,2024-09-11
brigit,5,2024-09-11
komodo health,5,2024-09-12
advocate health,5,2024-09-13
"nfp, an aon company",5,2024-09-15
future mind,5,2024-09-16
musc health,5,2024-09-16
rivial data security,5,2024-09-17
vizit,5,2024-09-18
digital science,5,2024-09-18
passport,5,2024-09-20
air products,5,2024-09-20
collectors,5,2024-09-20
hire python developer,5,2024-09-21
jetrock,5,2024-09-21
"ntt data, inc.",5,2024-09-23
clear engineering recruitment,5,2024-09-23
mds (micro-data systems),5,2024-09-23
globalpros.ai,5,2024-09-24
pantar solutions inc,5,2024-09-24
grafana labs,5,2024-09-24
north carolina state university,5,2024-09-25
stone alliance group,5,2024-09-25
pryor associates executive search,5,2024-09-27
hewlett packard,5,2024-09-28
philips,4,2024-06-22
fedex dataworks,4,2024-07-02
flexboard,4,2024-07-06
georgia-pacific llc,4,2024-07-08
"prontodigital, llc",4,2024-07-08
vanna health,4,2024-07-08
focus strategies.,4,2024-07-11
fourkites,4,2024-07-11
alto pharmacy,4,2024-07-12
dtn,4,2024-07-12
community health systems,4,2024-07-17
kforce inc,4,2024-07-18
fanduel,4,2024-07-18
lavendo,4,2024-07-18
venteon,4,2024-07-19
pulsepoint,4,2024-07-20
summituponline,4,2024-07-20
kohler co.,4,2024-07-22
ge-v,4,2024-07-23
baylor scott & white health,4,2024-07-23
eclinical solutions,4,2024-07-24
neurocrine biosciences,4,2024-07-24
federal reserve bank of dallas,4,2024-07-24
voltron data,4,2024-07-24
bigid,4,2024-07-25
apogee therapeutics,4,2024-07-29
dentsu,4,2024-07-29
"life enterprises, inc.",4,2024-07-30
yipitdata,4,2024-07-31
softechinfo,4,2024-07-31
extreme networks,4,2024-08-01
swish analytics,4,2024-08-06
vituity,4,2024-08-07
pearson,4,2024-08-07
profound research,4,2024-08-07
heitmeyer consulting,4,2024-08-07
plowshare group,4,2024-08-08
raytheon,4,2024-08-08
"stride, inc.",4,2024-08-09
facebook app,4,2024-08-09
themis insight,4,2024-08-09
perdoceo education corporation,4,2024-08-09
kin insurance,4,2024-08-09
"signature performance, inc",4,2024-08-10
peraton,4,2024-08-12
blanc labs,4,2024-08-12
get it recruit - hospitality,4,2024-08-12
kiva confections,4,2024-08-13
kyivstar,4,2024-08-14
nebraska furniture mart,4,2024-08-14
wizard ai,4,2024-08-14
vetsez,4,2024-08-15
brillio,4,2024-08-15
avetta,4,2024-08-15
epic,4,2024-08-16
meta soft inc,4,2024-08-19
green dot corporation,4,2024-08-19
blue signal search,4,2024-08-20
paylocity,4,2024-08-21
chainlink labs,4,2024-08-22
zimmer biomet,4,2024-08-22
bpm llp,4,2024-08-22
certify,4,2024-08-22
rocket money,4,2024-08-22
headway,4,2024-08-23
mendix,4,2024-08-23
rr donnelley,4,2024-08-26
ds technologies inc,4,2024-08-27
notion,4,2024-08-27
ascending inc.,4,2024-08-27
virtustant,4,2024-08-27
axelon services corporation,4,2024-08-28
constellation,4,2024-08-28
onesource virtual,4,2024-08-29
optomi,4,2024-08-29
brooksource,4,2024-08-29
e.l.f. beauty,4,2024-08-29
adientone,4,2024-08-29
upmc,4,2024-08-30
"10x genomics",4,2024-08-30
propivotal staffing cc,4,2024-08-31
jack in the box,4,2024-09-01
rockstar games,4,2024-09-03
american medical association,4,2024-09-03
pvm,4,2024-09-03
westcliff university,4,2024-09-03
i4pro,4,2024-09-03
blink health,4,2024-09-04
hostaway,4,2024-09-04
parks and wildlife department,4,2024-09-04
med-metrix,4,2024-09-04
rearc,4,2024-09-04
openai,4,2024-09-05
tecton,4,2024-09-05
ascendion,4,2024-09-05
meridianlink,4,2024-09-05
kiddom,4,2024-09-05
johnson controls,4,2024-09-05
next ventures,4,2024-09-05
cohere,4,2024-09-06
bluelightai,4,2024-09-06
afterpay,4,2024-09-06
divergent,4,2024-09-06
cox communications,4,2024-09-06
global healthcare it,4,2024-09-06
brighthouse financial,4,2024-09-07
oil and gas job search ltd,4,2024-09-07
agtonomy,4,2024-09-08
"174 power global",4,2024-09-09
publicis sapient,4,2024-09-09
sage society,4,2024-09-09
micron,4,2024-09-09
"software guidance & assistance, inc. (sga, inc.)",4,2024-09-09
copeland,4,2024-09-09
binance,4,2024-09-09
visa,4,2024-09-09
agile defense,4,2024-09-09
"1password",4,2024-09-09
genesco,4,2024-09-10
macrohealth,4,2024-09-10
staples stores,4,2024-09-10
arcus biosciences,4,2024-09-10
accrue select inc,4,2024-09-10
anyscale,4,2024-09-11
hebbia,4,2024-09-11
fiscalnote,4,2024-09-11
the phoenix group,4,2024-09-11
lovesac,4,2024-09-11
liveperson,4,2024-09-11
onesix ,4,2024-09-11
kong,4,2024-09-12
belk,4,2024-09-12
activecampaign,4,2024-09-12
envoy,4,2024-09-12
directive consulting,4,2024-09-12
fisher phillips,4,2024-09-13
azure summit technology,4,2024-09-13
greenlight financial technology,4,2024-09-13
indico data,4,2024-09-13
recruiting from scratch,4,2024-09-13
rho,4,2024-09-13
bazaarvoice,4,2024-09-13
under armour,4,2024-09-13
agilon health,4,2024-09-13
dispatch,4,2024-09-13
teoresi group,4,2024-09-13
clindcast,4,2024-09-14
"frazer, ltd",4,2024-09-14
servicenow,4,2024-09-14
smarsh,4,2024-09-14
cross platform developer,4,2024-09-15
metronome,4,2024-09-15
inizio partners,4,2024-09-16
vantage data centers,4,2024-09-16
securityscorecard,4,2024-09-16
wonderful citrus,4,2024-09-16
vergesense,4,2024-09-16
digital turbine,4,2024-09-16
brooks automation,4,2024-09-16
icon strategic solutions,4,2024-09-16
request technology,4,2024-09-17
impact advisors,4,2024-09-17
sonicwall,4,2024-09-17
invisible technologies,4,2024-09-17
acuitymd,4,2024-09-17
enablecomp,4,2024-09-17
"amtrust financial services, inc.",4,2024-09-17
apexon,4,2024-09-17
northwest talent solutions llc,4,2024-09-17
stream data centers,4,2024-09-18
google operations center,4,2024-09-18
concurrency,4,2024-09-18
lockheed martin,4,2024-09-18
dept®,4,2024-09-19
"spalding consulting, inc., a saalex company",4,2024-09-19
vanguard,4,2024-09-19
radiology partners,4,2024-09-19
dolls kill,4,2024-09-19
rackspace technology,4,2024-09-19
trimble inc.,4,2024-09-19
ascension,4,2024-09-20
cover genius,4,2024-09-20
cidis llc,4,2024-09-23
hire sql,4,2024-09-23
"a3 technology, inc.",4,2024-09-24
"tenable, inc.",4,2024-09-24
evergreen nephrology,4,2024-09-24
rconsulting group,4,2024-09-24
unlimit,4,2024-09-25
frontcareers,4,2024-09-25
trinnex,4,2024-09-25
tvscientific,4,2024-09-25
cybercoders,4,2024-09-25
anser advisory,4,2024-09-26
accurate background,4,2024-09-26
city national bank,4,2024-09-26
chewy,4,2024-09-26
fundbox,4,2024-09-27
l3harris technologies,4,2024-09-27
"1-800 contacts",4,2024-09-27
pointclickcare,4,2024-09-27
capgemini,4,2024-09-27
dms vision inc,4,2024-09-27
"asrt, inc.",4,2024-09-28
terrascope,3,2024-03-21
atlan,3,2024-05-08
secure code warrior,3,2024-06-06
petpartners pet insurance,3,2024-07-01
workwave,3,2024-07-02
eon,3,2024-07-02
madhive,3,2024-07-02
sony interactive entertainment,3,2024-07-09
grin,3,2024-07-12
cybercube,3,2024-07-12
neeeon,3,2024-07-16
bright digital solutions,3,2024-07-16
a+e networks,3,2024-07-17
vidēre labs,3,2024-07-18
blue sentry cloud,3,2024-07-19
sherlock,3,2024-07-19
"ag consulting partners, inc.",3,2024-07-22
pacific scientific energetic materials company,3,2024-07-23
"threev technologies, inc.",3,2024-07-23
goguardian,3,2024-07-23
netflix,3,2024-07-24
figma,3,2024-07-24
adventhealth,3,2024-07-25
"livinghr, inc.",3,2024-07-26
project management institute,3,2024-07-29
ice,3,2024-07-29
aston carter,3,2024-07-30
nisc,3,2024-07-31
"saginaw control and engineering,wi",3,2024-08-01
forward progress staffing,3,2024-08-01
"r2 technologies, inc.",3,2024-08-05
pacaso ,3,2024-08-07
bsl consulting,3,2024-08-07
"gei consultants, inc.",3,2024-08-07
hexagon us federal,3,2024-08-07
starbucks,3,2024-08-09
everlaw,3,2024-08-09
parallel partners,3,2024-08-11
onco,3,2024-08-12
soni,3,2024-08-12
new york global consultants inc.,3,2024-08-13
epam systems,3,2024-08-13
phoenix services,3,2024-08-14
zenith services,3,2024-08-15
"austin artificial intelligence, inc.",3,2024-08-16
sourcedirect consulting ltd,3,2024-08-21
lightbird,3,2024-08-21
podium,3,2024-08-21
radius group,3,2024-08-21
lawn escapes,3,2024-08-21
scout michael agency,3,2024-08-21
descript,3,2024-08-21
destiny (d/xyz),3,2024-08-21
lookout inc,3,2024-08-22
"soft source, inc",3,2024-08-22
national black worker center,3,2024-08-23
suvoda,3,2024-08-23
enlitic,3,2024-08-23
mitek inc.,3,2024-08-23
the tie,3,2024-08-23
a-alpha bio,3,2024-08-26
moody's corporation,3,2024-08-26
experity,3,2024-08-27
abs group,3,2024-08-28
syndica,3,2024-08-28
retool,3,2024-08-28
ontrac,3,2024-08-29
hunter douglas,3,2024-08-29
amazon games,3,2024-08-30
pattern energy group,3,2024-08-31
best sanitizers,3,2024-09-01
"sabel systems technology solutions, llc",3,2024-09-04
spar information systems llc,3,2024-09-04
kobie marketing,3,2024-09-05
joinrs us,3,2024-09-05
drs it solutions inc,3,2024-09-05
o'reilly,3,2024-09-06
oshkosh corporation,3,2024-09-07
opspros,3,2024-09-08
selby jennings,3,2024-09-09
"24 hour fitness usa, llc",3,2024-09-09
cuesta partners,3,2024-09-10
bpm-pr firm,3,2024-09-10
thrasio,3,2024-09-10
evernorth health services,3,2024-09-11
"medwatch, llc",3,2024-09-12
"buyers edge platform, llc",3,2024-09-12
neogenomics laboratories,3,2024-09-12
workathome-jobboard,3,2024-09-14
"frp construction, llc",3,2024-09-15
formotiv​,3,2024-09-15
aprime technology,3,2024-09-16
"skechers usa, inc.",3,2024-09-17
avaya,3,2024-09-18
"phoenix staff, inc.",3,2024-09-18
bowhead,3,2024-09-18
venmo,3,2024-09-20
clifyx,3,2024-09-20
university of maryland medical system,3,2024-09-20
appfolio,3,2024-09-20
vedainfo,3,2024-09-23
white cap,3,2024-09-23
coenterprise,3,2024-09-24
hypothesis group,3,2024-09-24
simpligov llc,3,2024-09-24
zest ai,3,2024-09-24
bjc healthcare,3,2024-09-24
creativeteam io,3,2024-09-24
vimeo,3,2024-09-25
seternity solutions,3,2024-09-25
southern company,3,2024-09-26
transcarent,3,2024-09-26
modco media,3,2024-09-26
"integrated resources, inc ( iri )",3,2024-09-27
